<?xml version="1.0"?>
<config>
	<tabs>
		<rokanthemes translate="label" module="mostviewedproduct">
			<label>Rokanthemes</label>
			<sort_order>205</sort_order>
		</rokanthemes>
	</tabs>
	<sections>
		<mostviewedproduct translate="label" module="mostviewedproduct">
			<label>Mostviewed Product</label>
			<tab>rokanthemes</tab>
			<sort_order>140</sort_order>
			<show_in_default>1</show_in_default>
			<show_in_website>1</show_in_website>
			<show_in_store>1</show_in_store>
			<groups>
				<mostviewedproduct_config translate="label">
					<label>Mostviewed Product Config</label>
					<frontend_type>text</frontend_type>
					<sort_order>1</sort_order>
					<show_in_default>1</show_in_default>
					<show_in_website>1</show_in_website>
					<show_in_store>1</show_in_store>
					<fields>
						<enabled translate="label comment">
							<label>Enabled: </label>
							<frontend_type>select</frontend_type>
							<source_model>
								adminhtml/system_config_source_yesno
							</source_model>
							<sort_order>0</sort_order>
							<show_in_default>1</show_in_default>
							<show_in_website>1</show_in_website>
							<show_in_store>1</show_in_store>							
						</enabled>
						<auto translate="label comment">
							<label>Auto slide: </label>
							<frontend_type>select</frontend_type>
							<source_model>
								adminhtml/system_config_source_yesno
							</source_model>
							<sort_order>1</sort_order>
							<show_in_default>1</show_in_default>
							<show_in_website>1</show_in_website>
							<show_in_store>1</show_in_store>							
						</auto>
						<title translate="label">
                            <label>Title: </label>
                            <frontend_type>text</frontend_type>
                            <sort_order>2</sort_order>
                            <show_in_default>1</show_in_default>
                            <show_in_website>1</show_in_website>
                            <show_in_store>1</show_in_store>
                        </title>
						<speed translate="label">
							<label>Slideshow Speed: </label>
							<frontend_type>text</frontend_type>
							<sort_order>16></sort_order>
							<show_in_default>1</show_in_default>
							<show_in_store>1</show_in_store>
							<show_in_website>1</show_in_website>
						</speed>
						<interval translate="label">
							<label>Pause:</label>
							<frontend_type>text</frontend_type>
							<sort_order>17</sort_order>
							<show_in_default>1</show_in_default>
							<show_in_store>1</show_in_store>
							<show_in_website>1</show_in_website>
						</interval>
						<show_price translate="label comment">
							<label>Show Price: </label>
							<frontend_type>select</frontend_type>
							<source_model>
								adminhtml/system_config_source_yesno
							</source_model>
							<sort_order>18</sort_order>
							<show_in_default>1</show_in_default>
							<show_in_website>1</show_in_website>
							<show_in_store>1</show_in_store>							
						</show_price>
						<addtocart translate="label comment">
							<label>Show Add To Cart: </label>
							<frontend_type>select</frontend_type>
							<source_model>
								adminhtml/system_config_source_yesno
							</source_model>
							<sort_order>19</sort_order>
							<show_in_default>1</show_in_default>
							<show_in_website>1</show_in_website>
							<show_in_store>1</show_in_store>							
						</addtocart>
						<addtowishlist translate="label comment">
							<label>Show Add To Wishlist: </label>
							<frontend_type>select</frontend_type>
							<source_model>
								adminhtml/system_config_source_yesno
							</source_model>
							<sort_order>20</sort_order>
							<show_in_default>1</show_in_default>
							<show_in_website>1</show_in_website>
							<show_in_store>1</show_in_store>							
						</addtowishlist>
						<addtocompare translate="label comment">
							<label>Show Add To Compare: </label>
							<frontend_type>select</frontend_type>
							<source_model>
								adminhtml/system_config_source_yesno
							</source_model>
							<sort_order>21</sort_order>
							<show_in_default>1</show_in_default>
							<show_in_website>1</show_in_website>
							<show_in_store>1</show_in_store>							
						</addtocompare>					
						<review translate="label comment">
							<label>Show Review Rating: </label>
							<frontend_type>select</frontend_type>
							<source_model>
								adminhtml/system_config_source_yesno
							</source_model>
							<sort_order>22</sort_order>
							<show_in_default>1</show_in_default>
							<show_in_website>1</show_in_website>
							<show_in_store>1</show_in_store>							
						</review>						
						<description translate="label comment">
							<label>Show Short Description: </label>
							<frontend_type>select</frontend_type>
							<source_model>
								adminhtml/system_config_source_yesno
							</source_model>
							<sort_order>23</sort_order>
							<show_in_default>1</show_in_default>
							<show_in_website>1</show_in_website>
							<show_in_store>1</show_in_store>							
						</description>
						<maxlength translate="label">
                            <label>Short Description Max Length: </label>
                            <frontend_type>text</frontend_type>
							<comment>Empty for display all short description.</comment>
                            <sort_order>24</sort_order>
                            <show_in_default>1</show_in_default>
                            <show_in_website>1</show_in_website>
                            <show_in_store>1</show_in_store>
                        </maxlength> 						
						<qty translate="label">
                            <label>Qty of Product: </label>
                            <frontend_type>text</frontend_type>
                            <sort_order>25</sort_order>
                            <show_in_default>1</show_in_default>
                            <show_in_website>1</show_in_website>
                            <show_in_store>1</show_in_store>
                        </qty>
						<row_show translate="label">
                            <label>Number Rows Show: </label>
                            <frontend_type>text</frontend_type>
                            <sort_order>27</sort_order>
                            <show_in_default>1</show_in_default>
                            <show_in_website>1</show_in_website>
                            <show_in_store>1</show_in_store>
                        </row_show>
                        <width_thumbnail translate="label">
                            <label>Width of Thumbnail: </label>
                            <frontend_type>text</frontend_type>
                            <sort_order>29</sort_order>
                            <show_in_default>1</show_in_default>
                            <show_in_website>1</show_in_website>
                            <show_in_store>1</show_in_store>
                        </width_thumbnail>						
                        <height_thumbnail translate="label">
                            <label>Height of Thumbnail: </label>
                            <frontend_type>text</frontend_type>
                            <sort_order>30</sort_order>
                            <show_in_default>1</show_in_default>
                            <show_in_website>1</show_in_website>
                            <show_in_store>1</show_in_store>
                        </height_thumbnail>
						<next_back translate="label">
							<label>Show Next/Back control: </label>
							<frontend_type>select</frontend_type>
							<source_model>
								adminhtml/system_config_source_yesno
							</source_model>
							<sort_order>40</sort_order>
							<show_in_default>1</show_in_default>
							<show_in_website>1</show_in_website>
							<show_in_store>1</show_in_store>
						</next_back>
						<nav_ctrl translate="label">
							<label>Show navigation control: </label>
							<frontend_type>select</frontend_type>
							<source_model>
								adminhtml/system_config_source_yesno
							</source_model>
							<sort_order>42</sort_order>
							<show_in_default>1</show_in_default>
							<show_in_website>1</show_in_website>
							<show_in_store>1</show_in_store>
						</nav_ctrl>	                        
					</fields>
				</mostviewedproduct_config>						
			</groups>
		</mostviewedproduct>
	</sections>
</config>


