<?xml version="1.0"?>
<config>
	<tabs>
		<rokanthemes translate="label" module="related">
			<label>Magentothem</label>
			<sort_order>205</sort_order>
		</rokanthemes>
	</tabs>
	<sections>
		<related translate="label" module="related">
			<label>Related Slider</label>
			<tab>rokanthemes</tab>
			<sort_order>176</sort_order>
			<show_in_default>1</show_in_default>
			<show_in_website>1</show_in_website>
			<show_in_store>1</show_in_store>
			<groups>
				<related_config translate="label">
					<label>Related Slider Config</label>
					<frontend_type>text</frontend_type>
					<sort_order>1</sort_order>
					<show_in_default>1</show_in_default>
					<show_in_website>1</show_in_website>
					<show_in_store>1</show_in_store>
					<fields>
                        <enabled translate="label comment">
							<label>Enabled: </label>
							<frontend_type>select</frontend_type>
							<source_model>
								adminhtml/system_config_source_yesno
							</source_model>
							<sort_order>0</sort_order>
							<show_in_default>1</show_in_default>
							<show_in_website>1</show_in_website>
							<show_in_store>1</show_in_store>							
						</enabled>
						<auto translate="label comment">
							<label>Auto slide: </label>
							<frontend_type>select</frontend_type>
							<source_model>
								adminhtml/system_config_source_yesno
							</source_model>
							<sort_order>1</sort_order>
							<show_in_default>1</show_in_default>
							<show_in_website>1</show_in_website>
							<show_in_store>1</show_in_store>							
						</auto>
						<speed translate="label">
							<label>Slideshow Speed: </label>
							<frontend_type>text</frontend_type>
							<sort_order>16></sort_order>
							<show_in_default>1</show_in_default>
							<show_in_store>1</show_in_store>
							<show_in_website>1</show_in_website>
						</speed>
						<interval translate="label">
							<label>Animation Speed:</label>
							<frontend_type>text</frontend_type>
							<sort_order>17</sort_order>
							<show_in_default>1</show_in_default>
							<show_in_store>1</show_in_store>
							<show_in_website>1</show_in_website>
						</interval>
						<show_price translate="label comment">
							<label>Show Price: </label>
							<frontend_type>select</frontend_type>
							<source_model>
								adminhtml/system_config_source_yesno
							</source_model>
							<sort_order>18</sort_order>
							<show_in_default>1</show_in_default>
							<show_in_website>1</show_in_website>
							<show_in_store>1</show_in_store>							
						</show_price>
						<show_wishlist translate="label comment">
							<label>Show Wishlist: </label>
							<frontend_type>select</frontend_type>
							<source_model>
								adminhtml/system_config_source_yesno
							</source_model>
							<sort_order>19</sort_order>
							<show_in_default>1</show_in_default>
							<show_in_website>1</show_in_website>
							<show_in_store>1</show_in_store>							
						</show_wishlist>												
                       <!--  <items_show translate="label">
                            <label>Number Product Show: </label>
                            <frontend_type>text</frontend_type>
                            <sort_order>26</sort_order>
                            <show_in_default>1</show_in_default>
                            <show_in_website>1</show_in_website>
                            <show_in_store>1</show_in_store>
                        </items_show> -->
						<row_show translate="label">
                            <label>Number Rows Show: </label>
                            <frontend_type>text</frontend_type>
                            <sort_order>27</sort_order>
                            <show_in_default>1</show_in_default>
                            <show_in_website>1</show_in_website>
                            <show_in_store>1</show_in_store>
                        </row_show>
                        <!-- <item_width translate="label">
                            <label>Width of Item: </label>
                            <frontend_type>text</frontend_type>
                            <sort_order>27</sort_order>
                            <show_in_default>1</show_in_default>
                            <show_in_website>1</show_in_website>
                            <show_in_store>1</show_in_store>
                        </item_width> -->	
                        <width_thumbnail translate="label">
                            <label>Width of Thumbnail: </label>
                            <frontend_type>text</frontend_type>
                            <sort_order>28</sort_order>
                            <show_in_default>1</show_in_default>
                            <show_in_website>1</show_in_website>
                            <show_in_store>1</show_in_store>
                        </width_thumbnail>						
                        <height_thumbnail translate="label">
                            <label>Height of Thumbnail: </label>
                            <frontend_type>text</frontend_type>
                            <sort_order>30</sort_order>
                            <show_in_default>1</show_in_default>
                            <show_in_website>1</show_in_website>
                            <show_in_store>1</show_in_store>
                        </height_thumbnail>
						<next_back translate="label">
							<label>Show Next/Back control: </label>
							<frontend_type>select</frontend_type>
							<source_model>
								adminhtml/system_config_source_yesno
							</source_model>
							<sort_order>40</sort_order>
							<show_in_default>1</show_in_default>
							<show_in_website>1</show_in_website>
							<show_in_store>1</show_in_store>
						</next_back>
						<nav_ctrl translate="label">
							<label>Show navigation control: </label>
							<frontend_type>select</frontend_type>
							<source_model>
								adminhtml/system_config_source_yesno
							</source_model>
							<sort_order>42</sort_order>
							<show_in_default>1</show_in_default>
							<show_in_website>1</show_in_website>
							<show_in_store>1</show_in_store>
						</nav_ctrl>	
                    </fields>
				</related_config>						
			</groups>
		</related>
	</sections>
</config>


