<?xml version="1.0"?> 
<config>
	<acl>
		<resources>
			<admin>
				<children>
					<system>
						<children>
							<config>
								<children>
									<featuredproduct>
										<title>Featured Products</title>
									</featuredproduct>
								</children>
							</config>
						</children>
					</system>	
					<rokanthemes translate="title" module="featuredproduct">
						<title>Rokanthemes</title>
						<sort_order>71</sort_order>               
						<children>
							<featuredproduct translate="title" module="featuredproduct">
								<title>Featured Products Slider</title>
								<sort_order>0</sort_order>
								<action>adminhtml/system_config/edit/section/featuredproduct</action>
							</featuredproduct>
						</children>
					</rokanthemes>					
				</children>
			</admin>
        </resources>
	</acl>
</config>