<?xml version="1.0"?> 
<config>
	<acl>
		<resources>
			<admin>
				<children>
					<system>
						<children>
							<config>
								<children>
									<layerednavigation>
										<title>Layered Navigation Ajax</title>
									</layerednavigation>
								</children>
							</config>
						</children>
					</system>	
					<rokanthemes translate="title" module="layerednavigation">
						<title>Rokanthemes</title>
						<sort_order>71</sort_order>               
						<children>
							<layerednavigation translate="title" module="layerednavigation">
								<title>Layered Navigation Ajax</title>
								<sort_order>0</sort_order>
								<action>adminhtml/system_config/edit/section/layerednavigation</action>
							</layerednavigation>
						</children>
					</rokanthemes>					
				</children>
			</admin>
        </resources>
	</acl>
</config>