<?xml version="1.0"?>
<config>
    <tabs>
		<rokanthemes translate="label" module="layerednavigation">
			<label>Rokanthemes</label>
			<sort_order>205</sort_order>
		</rokanthemes>
    </tabs>
    <sections>
	<layerednavigation translate="label" module="layerednavigation">
	    <label>Layer Navigation Filter Ajax</label>
	    <tab>rokanthemes</tab>
	    <sort_order>130</sort_order>
	    <show_in_default>1</show_in_default>
	    <show_in_website>1</show_in_website>
	    <show_in_store>1</show_in_store>
	    <groups>
		<layerfiler_config translate="label">
		    <label>General Configuration</label>
		    <frontend_type>text</frontend_type>
		    <sort_order>1</sort_order>
		    <show_in_default>1</show_in_default>
		    <show_in_website>1</show_in_website>
		    <show_in_store>1</show_in_store>
		    <fields>
			<enabled translate="label">
			    <label>Enable Module</label>
			    <frontend_type>select</frontend_type>
			    <source_model>adminhtml/system_config_source_yesno</source_model>
			    <sort_order>1</sort_order>
			    <show_in_default>1</show_in_default>
			    <show_in_website>1</show_in_website>
			    <show_in_store>1</show_in_store>							
			</enabled>
                       <!-- <jquery_enabled translate="label">
			    <label>Include Jquery</label>
			    <frontend_type>select</frontend_type>
			    <source_model>adminhtml/system_config_source_yesno</source_model>
			    <sort_order>2</sort_order>
			    <show_in_default>1</show_in_default>
			    <show_in_website>1</show_in_website>
			    <show_in_store>1</show_in_store>							
			</jquery_enabled>-->
                       <toolbar_status translate="label">
			    <label>Enable Toolbar Ajax</label>
			    <frontend_type>select</frontend_type>
			    <source_model>adminhtml/system_config_source_yesno</source_model>
			    <sort_order>3</sort_order>
			    <show_in_default>1</show_in_default>
			    <show_in_website>1</show_in_website>
			    <show_in_store>1</show_in_store>							
			</toolbar_status>
                        <slider_status translate="label">
                            <label>Enable Slider</label>
                            <frontend_type>select</frontend_type>
                            <source_model>adminhtml/system_config_source_yesno</source_model>
                            <sort_order>4</sort_order>
                            <show_in_default>1</show_in_default>
                            <show_in_website>1</show_in_website>
                            <show_in_store>1</show_in_store>							
                        </slider_status>
                         <!--<search_status translate="label">
                            <label>Enable Search Ajax</label>
                            <frontend_type>select</frontend_type>
                            <source_model>adminhtml/system_config_source_yesno</source_model>
                            <sort_order>5</sort_order>
                            <show_in_default>1</show_in_default>
                            <show_in_website>1</show_in_website>
                            <show_in_store>1</show_in_store>							
                        </search_status>-->
                        <tag_status translate="label">
                            <label>Enable Tag Product Ajax</label>
                            <frontend_type>select</frontend_type>
                            <source_model>adminhtml/system_config_source_yesno</source_model>
                            <sort_order>5</sort_order>
                            <show_in_default>1</show_in_default>
                            <show_in_website>1</show_in_website>
                            <show_in_store>1</show_in_store>							
                        </tag_status>
                        <loading_image translate="label comment">
                            <label>Loading Image</label>
                            <comment>Allowed file types: jpeg, gif, png.</comment>
                            <frontend_type>image</frontend_type>
                            <backend_model>adminhtml/system_config_backend_image</backend_model>
                            <upload_dir config="system/filesystem/media" scope_info="1">theme</upload_dir>
                            <base_url type="media" scope_info="1">theme</base_url>
                            <sort_order>6</sort_order>
                            <show_in_default>1</show_in_default>
                            <show_in_website>1</show_in_website>
                            <show_in_store>1</show_in_store>
                        </loading_image>
                        <trans_image translate="label comment">
                            <label>Transparent Image</label>
                            <comment>Allowed file types: jpeg, gif, png.</comment>
                            <frontend_type>image</frontend_type>
                            <backend_model>adminhtml/system_config_backend_image</backend_model>
                            <upload_dir config="system/filesystem/media" scope_info="1">theme</upload_dir>
                            <base_url type="media" scope_info="1">theme</base_url>
                            <sort_order>6</sort_order>
                            <show_in_default>1</show_in_default>
                            <show_in_website>1</show_in_website>
                            <show_in_store>1</show_in_store>
                        </trans_image>
                        <bg_opacity translate="label">
                            <label>Background Opacity</label>
                            <frontend_type>text</frontend_type>
                            <sort_order>7</sort_order>
                            <show_in_default>1</show_in_default>
                            <show_in_website>1</show_in_website>
                            <show_in_store>1</show_in_store>							
                        </bg_opacity>
		    </fields>
		</layerfiler_config>
          	
	    </groups>
	</layerednavigation>
    </sections>
</config>