<?xml version="1.0"?>
<config>
    <tabs>
        <rokanthemes translate="label" module="categorytab">
            <label>Rokanthemes</label>
            <sort_order>205</sort_order>
        </rokanthemes>
    </tabs>
    <sections>
	<categorytab translate="label" module="categorytab">
	    <label>Category Tabs Slider</label>
	    <tab>rokanthemes</tab>
	    <sort_order>130</sort_order>
	    <show_in_default>1</show_in_default>
	    <show_in_website>1</show_in_website>
	    <show_in_store>1</show_in_store>
	    <groups>
		<categorytab_config translate="label">
		    <label>General Configuration</label>
		    <frontend_type>text</frontend_type>
		    <sort_order>1</sort_order>
		    <show_in_default>1</show_in_default>
		    <show_in_website>1</show_in_website>
		    <show_in_store>1</show_in_store>
		    <fields>
						<enabled translate="label comment">
							<label>Enabled: </label>
							<frontend_type>select</frontend_type>
							<source_model>
								adminhtml/system_config_source_yesno
							</source_model>
							<sort_order>0</sort_order>
							<show_in_default>1</show_in_default>
							<show_in_website>1</show_in_website>
							<show_in_store>1</show_in_store>							
						</enabled>
						<!-- <des translate="label">
							<label>Description: </label>
							<frontend_type>textarea</frontend_type>
							<sort_order>2</sort_order>
							<show_in_default>1</show_in_default>
							<show_in_website>1</show_in_website>
							 <show_in_store>1</show_in_store>
					   </des> -->
						<speed translate="label">
							<label>Slideshow Speed: </label>
							<frontend_type>text</frontend_type>
							<sort_order>16></sort_order>
							<show_in_default>1</show_in_default>
							<show_in_store>1</show_in_store>
							<show_in_website>1</show_in_website>
						</speed>
						<interval translate="label">
							<label>Animation Speed:</label>
							<frontend_type>text</frontend_type>
							<sort_order>17</sort_order>
							<show_in_default>1</show_in_default>
							<show_in_store>1</show_in_store>
							<show_in_website>1</show_in_website>
						</interval>
						<show_price translate="label comment">
							<label>Show Price: </label>
							<frontend_type>select</frontend_type>
							<source_model>
								adminhtml/system_config_source_yesno
							</source_model>
							<sort_order>18</sort_order>
							<show_in_default>1</show_in_default>
							<show_in_website>1</show_in_website>
							<show_in_store>1</show_in_store>							
						</show_price>
						<show_review translate="label comment">
							<label>Show Review: </label>
							<frontend_type>select</frontend_type>
							<source_model>
								adminhtml/system_config_source_yesno
							</source_model>
							<sort_order>18</sort_order>
							<show_in_default>1</show_in_default>
							<show_in_website>1</show_in_website>
							<show_in_store>1</show_in_store>							
						</show_review>
						<addtocart translate="label comment">
							<label>Show Add To Cart: </label>
							<frontend_type>select</frontend_type>
							<source_model>
								adminhtml/system_config_source_yesno
							</source_model>
							<sort_order>19</sort_order>
							<show_in_default>1</show_in_default>
							<show_in_website>1</show_in_website>
							<show_in_store>1</show_in_store>							
						</addtocart>
						<addtowishlist translate="label comment">
							<label>Show Add To Wishlist: </label>
							<frontend_type>select</frontend_type>
							<source_model>
								adminhtml/system_config_source_yesno
							</source_model>
							<sort_order>20</sort_order>
							<show_in_default>1</show_in_default>
							<show_in_website>1</show_in_website>
							<show_in_store>1</show_in_store>							
						</addtowishlist>
						<addtocompare translate="label comment">
							<label>Show Add To Compare: </label>
							<frontend_type>select</frontend_type>
							<source_model>
								adminhtml/system_config_source_yesno
							</source_model>
							<sort_order>21</sort_order>
							<show_in_default>1</show_in_default>
							<show_in_website>1</show_in_website>
							<show_in_store>1</show_in_store>							
						</addtocompare>					
					<!--	<qty translate="label">
												
                            <label>Qty of Product: </label>
                            <frontend_type>text</frontend_type>
                            <sort_order>25</sort_order>
                            <show_in_default>1</show_in_default>
                            <show_in_website>1</show_in_website>
                            <show_in_store>1</show_in_store>
                        </qty>-->
                        <!-- <items_show translate="label">
                            <label>Number Product Show: </label>
                            <frontend_type>text</frontend_type>
                            <sort_order>26</sort_order>
                            <show_in_default>1</show_in_default>
                            <show_in_website>1</show_in_website>
                            <show_in_store>1</show_in_store>
                        </items_show> -->
                        <!-- <item_width translate="label">
                            <label>Width of Item: </label>
                            <frontend_type>text</frontend_type>
                            <sort_order>27</sort_order>
                            <show_in_default>1</show_in_default>
                            <show_in_website>1</show_in_website>
                            <show_in_store>1</show_in_store>
                        </item_width> -->	
                       <next_back translate="label">
							<label>Show Next/Back control: </label>
							<frontend_type>select</frontend_type>
							<source_model>
								adminhtml/system_config_source_yesno
							</source_model>
							<sort_order>40</sort_order>
							<show_in_default>1</show_in_default>
							<show_in_website>1</show_in_website>
							<show_in_store>1</show_in_store>
						</next_back>
						<nav_ctrl translate="label">
							<label>Show navigation control: </label>
							<frontend_type>select</frontend_type>
							<source_model>
								adminhtml/system_config_source_yesno
							</source_model>
							<sort_order>42</sort_order>
							<show_in_default>1</show_in_default>
							<show_in_website>1</show_in_website>
							<show_in_store>1</show_in_store>
						</nav_ctrl>	                  
				</fields>
		</categorytab_config>
	    </groups>
	</categorytab>
    </sections>
</config>