<?xml version="1.0"?> 
<config>
    <acl>
        <resources>
            <admin>
                <children>
                    <system>
                        <children>
                            <config>
                                <children>
                                    <searchbycaterory>
                                        <title>Search By Caterory</title>
                                    </searchbycaterory>
                                </children>
                            </config>
                        </children>
                    </system>	
                    <rokanthemes translate="title" module="searchbycaterory">
                        <title>Rokanthemes</title>
                        <sort_order>71</sort_order>               
                        <children>
                            <searchbycaterory translate="title" module="searchbycaterory">
                                <title>Search By Caterory</title>
                                <sort_order>0</sort_order>
                                <children>
                                    <configuration>
                                        <title>Configuration</title>
                                        <sort_order>1</sort_order>
                                        <action>adminhtml/system_config/edit/section/searchbycaterory</action>
                                    </configuration>
                                </children>
                            </searchbycaterory>
                        </children>
                    </rokanthemes>					
                </children>
            </admin>
        </resources>
    </acl>
</config>