<?xml version="1.0"?>
<config>
    <tabs>
        <rokanthemes translate="label" module="searchbycaterory">
            <label>Rokanthemes</label>
            <sort_order>205</sort_order>
        </rokanthemes>
    </tabs>
    <sections>
        <searchbycaterory translate="label" module="searchbycaterory">
            <label>Search By Category</label>
            <tab>rokanthemes</tab>
            <frontend_type>text</frontend_type>
            <sort_order>100</sort_order>
            <show_in_default>1</show_in_default>
            <show_in_website>1</show_in_website>
            <show_in_store>1</show_in_store>
            <groups>
                <settings translate="label">
                    <label>Settings</label>
                    <frontend_type>text</frontend_type>
                    <sort_order>10</sort_order>
                    <show_in_default>1</show_in_default>
                    <show_in_website>1</show_in_website>
                    <show_in_store>1</show_in_store>
                    <fields>
                        <enabled translate="label comment">
                            <label>Enable</label>
                            <frontend_type>select</frontend_type>
                            <comment><![CDATA[]]></comment>
                            <source_model>adminhtml/system_config_source_yesno</source_model>
                            <sort_order>10</sort_order>
                            <show_in_default>1</show_in_default>
                            <show_in_website>1</show_in_website>
                            <show_in_store>1</show_in_store>
                        </enabled>
                        <select_category_on_category_pages translate="label">
                            <label>Select Category On Category Pages</label>
                            <frontend_type>select</frontend_type>
                            <source_model>adminhtml/system_config_source_yesno</source_model>
                            <sort_order>20</sort_order>
                            <show_in_default>1</show_in_default>
                            <show_in_website>1</show_in_website>
                            <show_in_store>1</show_in_store>
                        </select_category_on_category_pages>
                        <show_subcategories translate="label">
                            <label>Show Subcategories</label>
                            <frontend_type>select</frontend_type>
                            <source_model>adminhtml/system_config_source_yesno</source_model>
                            <sort_order>30</sort_order>
                            <show_in_default>1</show_in_default>
                            <show_in_website>1</show_in_website>
                            <show_in_store>1</show_in_store>
                        </show_subcategories>
                        <subcategories_level translate="label">
                            <label>Subcategory Level</label>
                            <frontend_type>text</frontend_type>
                            <sort_order>40</sort_order>
                            <show_in_default>1</show_in_default>
                            <show_in_website>1</show_in_website>
                            <show_in_store>1</show_in_store>
                            <depends><show_subcategories>1</show_subcategories></depends>
                        </subcategories_level>
                        <indentation_text translate="label">
                            <label>Subcategory Indentation</label>
                            <frontend_type>text</frontend_type>
                            <sort_order>50</sort_order>
                            <show_in_default>1</show_in_default>
                            <show_in_website>1</show_in_website>
                            <show_in_store>1</show_in_store>
                            <depends><show_subcategories>1</show_subcategories></depends>
                        </indentation_text>
                    </fields>
                </settings>
            </groups>
        </searchbycaterory>
    </sections>
</config>
