<?xml version="1.0"?>
<config>
	<tabs>
		<rokanthemes translate="label" module="lastesttweet">
			<label>Rokanthemes</label>
			<sort_order>205</sort_order>
		</rokanthemes>
	</tabs>
	<sections>
		<lastesttweet translate="label" module="lastesttweet">
			<label>Latest Tweet</label>
			<tab>rokanthemes</tab>
			<sort_order>176</sort_order>
			<show_in_default>1</show_in_default>
			<show_in_website>1</show_in_website>
			<show_in_store>1</show_in_store>
			<groups>
				<lastesttweet_config translate="label">
					<label>Latest Tweet Config</label>
					<frontend_type>text</frontend_type>
					<sort_order>1</sort_order>
					<show_in_default>1</show_in_default>
					<show_in_website>1</show_in_website>
					<show_in_store>1</show_in_store>
					<fields>
						<enabled translate="label comment">
							<label>Enabled: </label>
							<frontend_type>select</frontend_type>
							<source_model>
								adminhtml/system_config_source_yesno
							</source_model>
							<sort_order>1</sort_order>
							<show_in_default>1</show_in_default>
							<show_in_website>1</show_in_website>
							<show_in_store>1</show_in_store>							
						</enabled>
						<heading_title translate="label">
                            <label>Heading Title: </label>
                            <frontend_type>text</frontend_type>
                            <sort_order>4</sort_order>
                            <show_in_default>1</show_in_default>
                            <show_in_website>1</show_in_website>
                            <show_in_store>1</show_in_store>
                        </heading_title>
						<tweet_show>
							<label>Number of Tweets show: </label>
                            <frontend_type>text</frontend_type>
                            <sort_order>16</sort_order>
                            <show_in_default>1</show_in_default>
                            <show_in_website>1</show_in_website>
                            <show_in_store>1</show_in_store>
						</tweet_show>					
						<show_time translate="label comment">
							<label>Show Time Stamp: </label>
							<frontend_type>select</frontend_type>
							<source_model>
								adminhtml/system_config_source_yesno
							</source_model>
							<sort_order>20</sort_order>
							<show_in_default>1</show_in_default>
							<show_in_website>1</show_in_website>
							<show_in_store>1</show_in_store>							
						</show_time>						

						
					</fields>
				</lastesttweet_config>						
			</groups>
		</lastesttweet>
	</sections>
</config>


